Abra:
- Bangued
- Boliney
- Bucay
- Bucloc
- Daguioman
- Danglas
- Dolores
- La Paz
- Lacub
- Lagangilang
- Lagayan
- Langiden
- Licuan-Baay
- Luba
- Malibcong
- Manabo
- Peñarrubia
- Pidigan
- Pilar
- Sallapadan
- San Isidro
- San Juan
- San Quintin
- Tayum
- Tineg
- Tubo
- Villaviciosa
Agusan del Norte:
- Butuan City
- Buenavista
- Cabadbaran
- Carmen
- Jabonga
- Kitcharao
- Las Nieves
- Magallanes
- Nasipit
- Remedios T. Romualdez
- Santiago
- Tubay
Agusan del Sur:
- Bayugan
- Bunawan
- Esperanza
- La Paz
- Loreto
- Prosperidad
- Rosario
- San Francisco
- San Luis
- Santa Josefa
- Sibagat
- Talacogon
- Trento
- Veruela
Aklan:
- Altavas
- Balete
- Banga
- Batan
- Buruanga
- Ibajay
- Kalibo
- Lezo
- Libacao
- Madalag
- Makato
- Malay
- Malinao
- Nabas
- New Washington
- Numancia
- Tangalan
Albay:
- Legazpi City
- Ligao City
- Tabaco City
- Bacacay
- Camalig
- Daraga
- Guinobatan
- Jovellar
- Libon
- Malilipot
- Malinao
- Manito
- Oas
- Pio Duran
- Polangui
- Rapu-Rapu
- Santo Domingo
- Tiwi
Antique:
- Anini-y
- Barbaza
- Belison
- Bugasong
- Caluya
- Culasi
- Hamtic
- Laua-an
- Libertad
- Pandan
- Patnongon
- San Jose
- San Remigio
- Sebaste
- Sibalom
- Tibiao
- Tobias Fornier
- Valderrama
Apayao:
- Calanasan
- Conner
- Flora
- Kabugao
- Luna
- Pudtol
- Santa Marcela
Aurora:
- Baler
- Casiguran
- Dilasag
- Dinalungan
- Dingalan
- Dipaculao
- Maria Aurora
- San Luis
Basilan:
- Isabela City
- Akbar
- Al-Barka
- Hadji Mohammad Ajul
- Hadji Muhtamad
- Lamitan
- Lantawan
- Maluso
- Sumisip
- Tabuan-Lasa
- Tipo-Tipo
- Tuburan
- Ungkaya Pukan
Bataan:
- Balanga City
- Abucay
- Bagac
- Dinalupihan
- Hermosa
- Limay
- Mariveles
- Morong
- Orani
- Orion
- Pilar
- Samal
Batanes:
- Basco
- Itbayat
- Ivana
- Mahatao
- Sabtang
- Uyugan
Batangas:
- Batangas City
- Lipa City
- Tanauan City
- Agoncillo
- Alitagtag
- Balayan
- Balete
- Bauan
- Calaca
- Calatagan
- Cuenca
- Ibaan
- Laurel
- Lemery
- Lian
- Lobo
- Mabini
- Malvar
- Mataas na Kahoy
- Nasugbu
- Padre Garcia
- Rosario
- San Jose
- San Juan
- San Luis
- San Nicolas
- San Pascual
- Santa Teresita
- Santo Tomas
- Taal
- Talisay
- Taysan
- Tingloy
- Tuy
Benguet:
- Baguio City
- Atok
- Bakun
- Bokod
- Buguias
- Itogon
- Kabayan
- Kapangan
- Kibungan
- La Trinidad
- Mankayan
- Sablan
- Tuba
- Tublay
Biliran:
- Almeria
- Biliran
- Cabucgayan
- Caibiran
- Culaba
- Kawayan
- Maripipi
- Naval
Bohol:
- Tagbilaran City
- Alburquerque
- Alicia
- Anda
- Antequera
- Baclayon
- Balilihan
- Batuan
- Bien Unido
- Bilar
- Buenavista
- Calape
- Candijay
- Carmen
- Catigbian
- Clarin
- Corella
- Cortes
- Dagohoy
- Danao
- Dauis
- Dimiao
- Duero
- Garcia Hernandez
- Getafe
- Guindulman
- Inabanga
- Jagna
- Lila
- Loay
- Loboc
- Loon
- Mabini
- Maribojoc
- Panglao
- Pilar
- President Carlos P. Garcia
- Sagbayan
- San Isidro
- San Miguel
- Sevilla
- Sierra Bullones
- Sikatuna
- Talibon
- Trinidad
- Tubigon
- Ubay
- Valencia
Bukidnon:
- Malaybalay City
- Valencia City
- Baungon
- Cabanglasan
- Damulog
- Dangcagan
- Don Carlos
- Impasug-ong
- Kadingilan
- Kalilangan
- Kibawe
- Kitaotao
- Lantapan
- Libona
- Malitbog
- Manolo Fortich
- Maramag
- Pangantucan
- Quezon
- San Fernando
- Sumilao
- Talakag
Bulacan:
- Malolos City
- Meycauayan City
- San Jose del Monte City
- Angat
- Balagtas
- Baliuag
- Bocaue
- Bulacan
- Bustos
- Calumpit
- Doña Remedios Trinidad
- Guiguinto
- Hagonoy
- Marilao
- Norzagaray
- Obando
- Pandi
- Paombong
- Plaridel
- Pulilan
- San Ildefonso
- San Miguel
- San Rafael
- Santa Maria
Cagayan:
- Tuguegarao City
- Abulug
- Alcala
- Allacapan
- Amulung
- Aparri
- Baggao
- Ballesteros
- Buguey
- Calayan
- Camalaniugan
- Claveria
- Enrile
- Gattaran
- Gonzaga
- Iguig
- Lal-lo
- Lasam
- Pamplona
- Peñablanca
- Piat
- Rizal
- Sanchez-Mira
- Santa Ana
- Santa Praxedes
- Santa Teresita
- Santo Niño
- Solana
- Tuao
Camarines Norte:
- Basud
- Capalonga
- Daet
- Jose Panganiban
- Labo
- Mercedes
- Paracale
- San Lorenzo Ruiz
- San Vicente
- Santa Elena
- Talisay
- Vinzons
Camarines Sur:
- Iriga City
- Naga City
- Baao
- Balatan
- Bato
- Bombon
- Buhi
- Bula
- Cabusao
- Calabanga
- Camaligan
- Canaman
- Caramoan
- Del Gallego
- Gainza
- Garchitorena
- Goa
- Lagonoy
- Libmanan
- Lupi
- Magarao
- Milaor
- Minalabac
- Nabua
- Ocampo
- Pamplona
- Pasacao
- Pili
- Presentacion
- Ragay
- Sagñay
- San Fernando
- San Jose
- Sipocot
- Siruma
- Tigaon
- Tinambac
Camiguin:
- Catarman
- Guinsiliban
- Mahinog
- Mambajao
- Sagay
Capiz:
- Roxas City
- Cuartero
- Dao
- Dumalag
- Dumarao
- Ivisan
- Jamindan
- Ma-ayon
- Mambusao
- Panay
- Panitan
- Pilar
- Pontevedra
- President Roxas
- Sapi-an
- Sigma
- Tapaz
Catanduanes:
- Bagamanoc
- Baras
- Bato
- Caramoran
- Gigmoto
- Pandan
- Panganiban
- San Andres
- San Miguel
- Viga
- Virac
Cavite:
- Cavite City
- Dasmariñas City
- Tagaytay City
- Trece Martires City
- Alfonso
- Amadeo
- Bacoor
- Carmona
- General Mariano Alvarez
- General Emilio Aguinaldo
- General Trias
- Imus
- Indang
- Kawit
- Magallanes
- Maragondon
- Mendez
- Naic
- Noveleta
- Rosario
- Silang
- Tanza
- Ternate
Cebu:
- Bogo City
- Cebu City
- Carcar City
- Danao City
- Lapu-Lapu City
- Mandaue City
- Naga City
- Talisay City
- Toledo City
- Alcantara
- Alcoy
- Alegria
- Aloguinsan
- Argao
- Asturias
- Badian
- Balamban
- Bantayan
- Barili
- Boljoon
- Borbon
- Carmen
- Catmon
- Compostela
- Consolacion
- Cordoba
- Daanbantayan
- Dalaguete
- Dumanjug
- Ginatilan
- Liloan
- Madridejos
- Malabuyoc
- Medellin
- Minglanilla
- Moalboal
- Oslob
- Pilar
- Pinamungahan
- Poro
- Ronda
- Samboan
- San Fernando
- San Francisco
- San Remigio
- Santa Fe
- Santander
- Sibonga
- Sogod
- Tabogon
- Tabuelan
- Tuburan
- Tudela
Compostela Valley:
- Compostela
- Laak
- Mabini
- Maco
- Maragusan
- Mawab
- Monkayo
- Montevista
- Nabunturan
- New Bataan
- Pantukan
Cotabato:
- Kidapawan City
- Alamada
- Aleosan
- Antipas
- Arakan
- Banisilan
- Carmen
- Kabacan
- Libungan
- Mlang
- Magpet
- Makilala
- Matalam
- Midsayap
- Pigkawayan
- Pikit
- President Roxas
- Tulunan
Davao del Norte:
- Panabo City
- Island Garden City of Samal
- Tagum City
- Asuncion
- Braulio E. Dujali
- Carmen
- Kapalong
- New Corella
- San Isidro
- Santo Tomas
- Talaingod
Davao del Sur:
- Davao City
- Digos City
- Bansalan
- Don Marcelino
- Hagonoy
- Jose Abad Santos
- Kiblawan
- Magsaysay
- Malalag
- Malita
- Matanao
- Padada
- Santa Cruz
- Santa Maria
- Sarangani
- Sulop
Davao Oriental:
- Mati City
- Baganga
- Banaybanay
- Boston
- Caraga
- Cateel
- Governor Generoso
- Lupon
- Manay
- San Isidro
- Tarragona
Eastern Samar:
- Arteche
- Balangiga
- Balangkayan
- Borongan
- Can-avid
- Dolores
- General MacArthur
- Giporlos
- Guiuan
- Hernani
- Jipapad
- Lawaan
- Llorente
- Maslog
- Maydolong
- Mercedes
- Oras
- Quinapondan
- Salcedo
- San Julian
- San Policarpo
- Sulat
- Taft
Guimaras:
- Buenavista
- Jordan
- Nueva Valencia
- San Lorenzo
- Sibunag
Ifugao:
- Aguinaldo
- Alfonso Lista
- Asipulo
- Banaue
- Hingyon
- Hungduan
- Kiangan
- Lagawe
- Lamut
- Mayoyao
- Tinoc
Ilocos Norte:
- Batac City
- Laoag City
- Adams
- Bacarra
- Badoc
- Bangui
- Banna
- Burgos
- Carasi
- Currimao
- Dingras
- Dumalneg
- Marcos
- Nueva Era
- Pagudpud
- Paoay
- Pasuquin
- Piddig
- Pinili
- San Nicolas
- Sarrat
- Solsona
- Vintar
Ilocos Sur:
- Candon City
- Vigan City
- Alilem
- Banayoyo
- Bantay
- Burgos
- Cabugao
- Caoayan
- Cervantes
- Galimuyod
- Gregorio Del Pilar
- Lidlidda
- Magsingal
- Nagbukel
- Narvacan
- Quirino
- Salcedo
- San Emilio
- San Esteban
- San Ildefonso
- San Juan
- San Vicente
- Santa
- Santa Catalina
- Santa Cruz
- Santa Lucia
- Santa Maria
- Santiago
- Santo Domingo
- Sigay
- Sinait
- Sugpon
- Suyo
- Tagudin
Iloilo:
- Iloilo City
- Passi City
- Ajuy
- Alimodian
- Anilao
- Badiangan
- Balasan
- Banate
- Barotac Nuevo
- Barotac Viejo
- Batad
- Bingawan
- Cabatuan
- Calinog
- Carles
- Concepcion
- Dingle
- Dueñas
- Dumangas
- Estancia
- Guimbal
- Igbaras
- Janiuay
- Lambunao
- Leganes
- Lemery
- Leon
- Maasin
- Miagao
- Mina
- New Lucena
- Oton
- Pavia
- Pototan
- San Dionisio
- San Enrique
- San Joaquin
- San Miguel
- San Rafael
- Santa Barbara
- Sara
- Tigbauan
- Tubungan
- Zarraga
Isabela:
- Cauayan City
- Santiago City
- Alicia
- Angadanan
- Aurora
- Benito Soliven
- Burgos
- Cabagan
- Cabatuan
- Cordon
- Delfin Albano
- Dinapigue
- Divilacan
- Echague
- Gamu
- Ilagan City
- Jones
- Luna
- Maconacon
- Mallig
- Naguilian
- Palanan
- Quezon
- Quirino
- Ramon
- Reina Mercedes
- Roxas
- San Agustin
- San Guillermo
- San Isidro
- San Manuel
- San Mariano
- San Mateo
- San Pablo
- Santa Maria
- Santo Tomas
- Tumauini
Kalinga:
- Tabuk
- Balbalan
- Lubuagan
- Pasil
- Pinukpuk
- Rizal
- Tanudan
- Tinglayan
La Union:
- San Fernando City
- Agoo
- Aringay
- Bacnotan
- Bagulin
- Balaoan
- Bangar
- Bauang
- Burgos
- Caba
- Luna
- Naguilian
- Pugo
- Rosario
- San Gabriel
- San Juan
- Santo Tomas
- Santol
- Sudipen
- Tubao
Laguna:
- Biñan City
- Calamba City
- San Pablo City
- Santa Rosa City
- Alaminos
- Bay
- Cabuyao
- Calauan
- Cavinti
- Famy
- Kalayaan
- Liliw
- Los Baños
- Luisiana
- Lumban
- Mabitac
- Magdalena
- Majayjay
- Nagcarlan
- Paete
- Pagsanjan
- Pakil
- Pangil
- Pila
- Rizal
- San Pedro
- Santa Cruz
- Santa Maria
- Siniloan
- Victoria
Lanao del Norte:
- Iligan City
- Bacolod
- Baloi
- Baroy
- Kapatagan
- Kauswagan
- Kolambugan
- Lala
- Linamon
- Magsaysay
- Maigo
- Matungao
- Munai
- Nunungan
- Pantao Ragat
- Pantar
- Poona Piagapo
- Salvador
- Sapad
- Sultan Naga Dimaporo
- Tagoloan
- Tangcal
- Tubod
Lanao del Sur:
- Marawi City
- Bacolod-Kalawi
- Balabagan
- Balindong
- Bayang
- Binidayan
- Buadiposo-Buntong
- Bubong
- Bumbaran
- Butig
- Calanogas
- Ditsaan-Ramain
- Ganassi
- Kapai
- Kapatagan
- Lumba-Bayabao
- Lumbaca-Unayan
- Lumbatan
- Lumbayanague
- Madalum
- Madamba
- Maguing
- Malabang
- Marantao
- Marogong
- Masiu
- Mulondo
- Pagayawan
- Piagapo
- Poona Bayabao
- Pualas
- Saguiaran
- Sultan Dumalondong
- Picong
- Tagoloan II
- Tamparan
- Taraka
- Tubaran
- Tugaya
- Wao
Leyte:
- Ormoc City
- Tacloban City
- Abuyog
- Alangalang
- Albuera
- Babatngon
- Barugo
- Bato
- Baybay
- Burauen
- Calubian
- Capoocan
- Carigara
- Dagami
- Dulag
- Hilongos
- Hindang
- Inopacan
- Isabel
- Jaro
- Javier
- Julita
- Kananga
- La Paz
- Leyte
- Liloan
- MacArthur
- Mahaplag
- Matag-ob
- Matalom
- Mayorga
- Merida
- Palo
- Palompon
- Pastrana
- San Isidro
- San Miguel
- Santa Fe
- Sogod
- Tabango
- Tabontabon
- Tanauan
- Tolosa
- Tunga
- Villaba
Maguindanao:
- Cotabato City
- Ampatuan
- Barira
- Buldon
- Buluan
- Datu Abdullah Sangki
- Datu Anggal Midtimbang
- Datu Blah T. Sinsuat
- Datu Hoffer Ampatuan
- Datu Montawal
- Datu Odin Sinsuat
- Datu Paglas
- Datu Piang
- Datu Salibo
- Datu Saudi-Ampatuan
- Datu Unsay
- General Salipada K. Pendatun
- Guindulungan
- Kabuntalan
- Mamasapano
- Mangudadatu
- Matanog
- Northern Kabuntalan
- Pagalungan
- Paglat
- Pandag
- Parang
- Rajah Buayan
- Shariff Aguak
- Shariff Saydona Mustapha
- South Upi
- Sultan Kudarat
- Sultan Mastura
- Sultan sa Barongis
- Talayan
- Talitay
- Upi
Marinduque:
- Boac
- Buenavista
- Gasan
- Mogpog
- Santa Cruz
- Torrijos
Masbate:
- Masbate City
- Aroroy
- Baleno
- Balud
- Batuan
- Cataingan
- Cawayan
- Claveria
- Dimasalang
- Esperanza
- Mandaon
- Milagros
- Mobo
- Monreal
- Palanas
- Pio V. Corpuz
- Placer
- San Fernando
- San Jacinto
- San Pascual
- Uson
Metro Manila:
- Caloocan
- Las Piñas
- Makati
- Malabon
- Mandaluyong
- Manila
- Marikina
- Muntinlupa
- Navotas
- Parañaque
- Pasay
- Pasig
- Quezon City
- San Juan City
- Taguig
- Valenzuela City
- Pateros
Misamis Occidental:
- Oroquieta City
- Ozamiz City
- Tangub City
- Aloran
- Baliangao
- Bonifacio
- Calamba
- Clarin
- Concepcion
- Don Victoriano Chiongbian
- Jimenez
- Lopez Jaena
- Panaon
- Plaridel
- Sapang Dalaga
- Sinacaban
- Tudela
Misamis Oriental:
- Cagayan de Oro
- Gingoog City
- Alubijid
- Balingasag
- Balingoan
- Binuangan
- Claveria
- El Salvador
- Gitagum
- Initao
- Jasaan
- Kinoguitan
- Lagonglong
- Laguindingan
- Libertad
- Lugait
- Magsaysay
- Manticao
- Medina
- Naawan
- Opol
- Salay
- Sugbongcogon
- Tagoloan
- Talisayan
- Villanueva
Mountain Province:
- Barlig
- Bauko
- Besao
- Bontoc
- Natonin
- Paracelis
- Sabangan
- Sadanga
- Sagada
- Tadian
Negros Occidental:
- Bacolod City
- Bago City
- Cadiz City
- Escalante City
- Himamaylan City
- Kabankalan City
- La Carlota City
- Sagay City
- San Carlos City
- Silay City
- Sipalay City
- Talisay City
- Victorias City
- Binalbagan
- Calatrava
- Candoni
- Cauayan
- Enrique B. Magalona
- Hinigaran
- Hinoba-an
- Ilog
- Isabela
- La Castellana
- Manapla
- Moises Padilla
- Murcia
- Pontevedra
- Pulupandan
- Salvador Benedicto
- San Enrique
- Toboso
- Valladolid
Negros Oriental:
- Bais City
- Bayawan City
- Canlaon City
- Guihulngan City
- Dumaguete City
- Tanjay City
- Amlan
- Ayungon
- Bacong
- Basay
- Bindoy
- Dauin
- Jimalalud
- La Libertad
- Mabinay
- Manjuyod
- Pamplona
- San Jose
- Santa Catalina
- Siaton
- Sibulan
- Tayasan
- Valencia
- Vallehermoso
- Zamboanguita
Northern Samar:
- Allen
- Biri
- Bobon
- Capul
- Catarman
- Catubig
- Gamay
- Laoang
- Lapinig
- Las Navas
- Lavezares
- Lope de Vega
- Mapanas
- Mondragon
- Palapag
- Pambujan
- Rosario
- San Antonio
- San Isidro
- San Jose
- San Roque
- San Vicente
- Silvino Lobos
- Victoria
Nueva Ecija:
- Cabanatuan City
- Gapan City
- Science City of Muñoz
- Palayan City
- San Jose City
- Aliaga
- Bongabon
- Cabiao
- Carranglan
- Cuyapo
- Gabaldon
- General Mamerto Natividad
- General Tinio
- Guimba
- Jaen
- Laur
- Licab
- Llanera
- Lupao
- Nampicuan
- Pantabangan
- Peñaranda
- Quezon
- Rizal
- San Antonio
- San Isidro
- San Leonardo
- Santa Rosa
- Santo Domingo
- Talavera
- Talugtug
- Zaragoza
Nueva Vizcaya:
- Alfonso Castaneda
- Ambaguio
- Aritao
- Bagabag
- Bambang
- Bayombong
- Diadi
- Dupax del Norte
- Dupax del Sur
- Kasibu
- Kayapa
- Quezon
- Santa Fe
- Solano
- Villaverde
Occidental Mindoro:
- Abra de Ilog
- Calintaan
- Looc
- Lubang
- Magsaysay
- Mamburao
- Paluan
- Rizal
- Sablayan
- San Jose
- Santa Cruz
Oriental Mindoro:
- Calapan City
- Baco
- Bansud
- Bongabong
- Bulalacao
- Gloria
- Mansalay
- Naujan
- Pinamalayan
- Pola
- Puerto Galera
- Roxas
- San Teodoro
- Socorro
- Victoria
Palawan:
- Puerto Princesa City
- Aborlan
- Agutaya
- Araceli
- Balabac
- Bataraza
- Brookes Point
- Busuanga
- Cagayancillo
- Coron
- Culion
- Cuyo
- Dumaran
- El Nido
- Kalayaan
- Linapacan
- Magsaysay
- Narra
- Quezon
- Rizal
- Roxas
- San Vicente
- Sofronio Española
- Taytay
Pampanga:
- Angeles City
- City of San Fernando
- Apalit
- Arayat
- Bacolor
- Candaba
- Floridablanca
- Guagua
- Lubao
- Mabalacat
- Macabebe
- Magalang
- Masantol
- Mexico
- Minalin
- Porac
- San Luis
- San Simon
- Santa Ana
- Santa Rita
- Santo Tomas
- Sasmuan
Pangasinan:
- Alaminos City
- Dagupan City
- San Carlos City
- Urdaneta City
- Agno
- Aguilar
- Alcala
- Anda
- Asingan
- Balungao
- Bani
- Basista
- Bautista
- Bayambang
- Binalonan
- Binmaley
- Bolinao
- Bugallon
- Burgos
- Calasiao
- Dasol
- Infanta
- Labrador
- Laoac
- Lingayen
- Mabini
- Malasiqui
- Manaoag
- Mangaldan
- Mangatarem
- Mapandan
- Natividad
- Pozzorubio
- Rosales
- San Fabian
- San Jacinto
- San Manuel
- San Nicolas
- San Quintin
- Santa Barbara
- Santa Maria
- Santo Tomas
- Sison
- Sual
- Tayug
- Umingan
- Urbiztondo
- Villasis
Quezon:
- Lucena City
- Tayabas City
- Agdangan
- Alabat
- Atimonan
- Buenavista
- Burdeos
- Calauag
- Candelaria
- Catanauan
- Dolores
- General Luna
- General Nakar
- Guinayangan
- Gumaca
- Infanta
- Jomalig
- Lopez
- Lucban
- Macalelon
- Mauban
- Mulanay
- Padre Burgos
- Pagbilao
- Panukulan
- Patnanungan
- Perez
- Pitogo
- Plaridel
- Polillo
- Quezon
- Real
- Sampaloc
- San Andres
- San Antonio
- San Francisco
- San Narciso
- Sariaya
- Tagkawayan
- Tiaong
- Unisan
Quirino:
- Aglipay
- Cabarroguis
- Diffun
- Maddela
- Nagtipunan
- Saguday
Rizal:
- Antipolo City
- Angono
- Baras
- Binangonan
- Cainta
- Cardona
- Jalajala
- Morong
- Pililla
- Rodriguez
- San Mateo
- Tanay
- Taytay
- Teresa
Romblon:
- Alcantara
- Banton
- Cajidiocan
- Calatrava
- Concepcion
- Corcuera
- Ferrol
- Looc
- Magdiwang
- Odiongan
- Romblon
- San Agustin
- San Andres
- San Fernando
- San Jose
- Santa Fe
- Santa Maria
Samar:
- Calbayog City
- Catbalogan City
- Almagro
- Basey
- Calbiga
- Daram
- Gandara
- Hinabangan
- Jiabong
- Marabut
- Matuguinao
- Motiong
- Pagsanghan
- Paranas
- Pinabacdao
- San Jorge
- San Jose De Buan
- San Sebastian
- Santa Margarita
- Santa Rita
- Santo Niño
- Tagapul-an
- Talalora
- Tarangnan
- Villareal
- Zumarraga
Sarangani:
- Alabel
- Glan
- Kiamba
- Maasim
- Maitum
- Malapatan
- Malungon
Siquijor:
- Enrique Villanueva
- Larena
- Lazi
- Maria
- San Juan
- Siquijor
Sorsogon:
- Sorsogon City
- Barcelona
- Bulan
- Bulusan
- Casiguran
- Castilla
- Donsol
- Gubat
- Irosin
- Juban
- Magallanes
- Matnog
- Pilar
- Prieto Diaz
- Santa Magdalena
South Cotabato:
- General Santos City
- Koronadal City
- Banga
- Lake Sebu
- Norala
- Polomolok
- Santo Niño
- Surallah
- Tboli
- Tampakan
- Tantangan
- Tupi
Southern Leyte:
- Maasin City
- Anahawan
- Bontoc
- Hinunangan
- Hinundayan
- Libagon
- Liloan
- Limasawa
- Macrohon
- Malitbog
- Padre Burgos
- Pintuyan
- Saint Bernard
- San Francisco
- San Juan
- San Ricardo
- Silago
- Sogod
- Tomas Oppus
Sultan Kudarat:
- Tacurong City
- Bagumbayan
- Columbio
- Esperanza
- Isulan
- Kalamansig
- Lambayong
- Lebak
- Lutayan
- Palimbang
- President Quirino
- Senator Ninoy Aquino
Sulu:
- Banguingui
- Hadji Panglima Tahil
- Indanan
- Jolo
- Kalingalan Caluang
- Lugus
- Luuk
- Maimbung
- Old Panamao
- Omar
- Pandami
- Panglima Estino
- Pangutaran
- Parang
- Pata
- Patikul
- Siasi
- Talipao
- Tapul
Surigao del Norte:
- Surigao City
- Alegria
- Bacuag
- Basilisa
- Burgos
- Cagdianao
- Claver
- Dapa
- Del Carmen
- Dinagat
- General Luna
- Gigaquit
- Libjo
- Loreto
- Mainit
- Malimono
- Pilar
- Placer
- San Benito
- San Francisco
- San Isidro
- San Jose
- Santa Monica
- Sison
- Socorro
- Tagana-an
- Tubajon
- Tubod
Surigao del Sur:
- Bislig City
- Tandag City
- Barobo
- Bayabas
- Cagwait
- Cantilan
- Carmen
- Carrascal
- Cortes
- Hinatuan
- Lanuza
- Lianga
- Lingig
- Madrid
- Marihatag
- San Agustin
- San Miguel
- Tagbina
- Tago
Tarlac:
- Tarlac City
- Anao
- Bamban
- Camiling
- Capas
- Concepcion
- Gerona
- La Paz
- Mayantoc
- Moncada
- Paniqui
- Pura
- Ramos
- San Clemente
- San Jose
- San Manuel
- Santa Ignacia
- Victoria
Tawi-Tawi:
- Bongao
- Languyan
- Mapun
- Panglima Sugala
- Sapa-Sapa
- Sibutu
- Simunul
- Sitangkai
- South Ubian
- Tandubas
- Turtle Islands
Zambales:
- Olongapo City
- Botolan
- Cabangan
- Candelaria
- Castillejos
- Iba
- Masinloc
- Palauig
- San Antonio
- San Felipe
- San Marcelino
- San Narciso
- Santa Cruz
- Subic
Zamboanga del Norte:
- Dapitan City
- Dipolog City
- Bacungan
- Baliguian
- Godod
- Gutalac
- Jose Dalman
- Kalawit
- Katipunan
- La Libertad
- Labason
- Liloy
- Manukan
- Mutia
- Piñan
- Polanco
- President Manuel A. Roxas
- Rizal
- Salug
- Sergio Osmeña Sr.
- Siayan
- Sibuco
- Sibutad
- Sindangan
- Siocon
- Sirawai
- Tampilisan
Zamboanga del Sur:
- Pagadian City
- Zamboanga City
- Aurora
- Bayog
- Dimataling
- Dinas
- Dumalinao
- Dumingag
- Guipos
- Josefina
- Kumalarang
- Labangan
- Lakewood
- Lapuyan
- Mahayag
- Margosatubig
- Midsalip
- Molave
- Pitogo
- Ramon Magsaysay
- San Miguel
- San Pablo
- Sominot
- Tabina
- Tambulig
- Tigbao
- Tukuran
- Vincenzo A. Sagun
Zamboanga Sibugay:
- Alicia
- Buug
- Diplahan
- Imelda
- Ipil
- Kabasalan
- Mabuhay
- Malangas
- Naga
- Olutanga
- Payao
- Roseller Lim
- Siay
- Talusan
- Titay
- Tungawan
